BubbleSort;QuickSort;InsertionSort;ShellSort;Misto;std::sort
55;53;53;72;55;58
52;229;58;83;84;81
74;274;111;59;56;58
71;313;82;67;63;51
64;220;66;68;59;72
79;277;74;80;67;96
123;425;126;104;78;71
159;472;136;146;87;81
154;554;96;146;93;111
188;611;102;157;123;122
282;649;143;183;113;105
296;645;143;236;124;125
369;698;145;210;129;127
364;732;139;229;141;136
447;874;165;291;148;145
490;945;158;276;160;159
497;920;182;303;171;180
571;968;181;327;200;230
692;2037;245;453;273;301
663;1632;265;496;380;305
824;1341;240;470;218;279
883;1409;276;494;249;322
881;1599;312;523;251;331
962;1669;313;610;258;367
987;1490;264;499;265;350
1021;1552;277;542;274;385
1099;1671;295;623;351;496
1176;1705;316;626;350;516
1335;1785;374;683;361;434
1351;1858;334;730;397;464
1533;2085;398;765;412;616
1620;2180;406;830;408;600
1915;2660;411;765;372;495
2036;2831;471;841;402;563
1870;2250;440;805;414;640
1878;2287;486;827;492;779
2008;2605;442;881;470;563
2086;2776;474;927;511;608
2271;2773;467;1015;470;638
2411;2817;490;1030;492;678
2574;2815;574;1151;656;754
2696;2937;621;1137;685;805
2650;2820;523;1173;546;749
2716;2829;563;1167;575;817
2844;3267;612;1161;629;870
2918;3318;612;1250;619;886
3603;3390;831;1316;641;950
3771;3473;730;1290;704;949
3013;3598;662;1403;652;821
3100;3610;674;1543;675;887
3674;3879;829;1519;767;862
3761;3835;871;1620;713;905
3634;3648;861;1928;1188;1097
3711;3711;883;2031;1192;1189
4320;3841;765;1852;866;1016
4561;3972;780;1822;890;1107
3881;4329;848;1766;831;1034
3970;4447;865;1778;840;1105
4573;4158;1055;1971;882;1128
4756;4183;1118;2033;872;1273
8613;5264;941;2316;1372;1182
8881;6624;1204;2211;1277;1147
5545;4738;1080;2031;1221;1339
5860;4713;1138;2237;1121;1371
5914;5529;1360;2728;1274;1673
6026;5452;1439;2981;1244;1754
6685;5192;1141;2324;1288;1267
6437;5598;1093;2551;1357;1417
5436;5322;1157;2114;1049;1416
5462;5507;1255;2097;1070;1533
6110;5458;1436;2494;1132;1280
6188;5396;1499;2595;1202;1506
6624;5387;1360;2200;1378;1338
6739;5523;1466;2210;1400;1394
7277;5069;1289;2493;1400;2059
7576;5400;1338;2622;1477;2092
8984;5771;1416;2482;1350;1612
9220;7355;1501;2428;1535;1463
7654;5592;1814;3483;2108;2260
7744;5909;1867;3497;2223;2446
10427;7619;1810;2640;2702;2168
10923;8245;1842;2921;2648;2184
8086;6712;1589;3224;1864;2058
8199;6970;1657;3248;1834;2209
8503;6817;1660;3716;1532;1782
8629;6876;1794;3707;1658;1883
9494;6870;1599;3175;1492;2047
9564;6949;1677;3097;1552;2014
9998;6814;1743;3239;1803;1730
10200;6880;1713;3377;1782;1905
11651;6436;1801;3147;1664;2085
12037;6596;1777;3238;1706;2074
9937;7396;1865;3482;1721;1820
9991;9206;2042;3094;1686;2024
10054;7009;1812;3132;1675;2183
10316;7080;1785;3179;1705;2232
10747;7681;1887;3458;1733;1844
10938;7711;1920;3602;1730;1932
11426;7423;1948;3350;2148;1986
11512;7513;1936;3453;2119;2079
11464;7705;2174;3566;1967;2331
11634;7962;2121;3653;2006;2353
11762;8114;2243;6019;2475;2337
11895;8054;2372;5620;2489;2340
13920;8159;2594;3775;2093;2189
14047;8347;2582;3794;2058;2267
12986;9455;2825;5339;4489;3435
13152;10472;3024;24750;3799;3440
25145;9378;2959;4513;2335;2306
19501;8742;3155;4635;2692;2485
15613;8426;2601;4117;2348;2377
15748;8392;2671;4155;2355;2347
15071;12307;4891;5568;3215;2826
15200;12469;5039;5531;3289;2853
14004;7766;2408;4060;2526;2382
14127;7911;2500;4331;2433;2510
14707;9322;2667;4601;2537;2444
14984;9377;2672;4716;2509;2607
14726;8528;2548;4018;2270;2418
14714;8565;2524;3985;2297;2463
15177;9611;2640;4418;3079;2826
15490;9356;2671;4524;3087;2899
16830;8662;3078;4293;2411;2520
16979;9051;2929;4359;2411;2610
16408;9268;2738;4257;2935;2474
16488;9570;2743;4400;2901;2590
16337;11874;2935;4395;2626;2649
16569;9690;3024;4355;2666;2824
16662;10158;3147;4726;2593;2718
16650;10154;3094;4807;2609;2838
17066;11785;3084;4940;2972;3369
17148;9417;3480;4736;3056;3392
17106;10779;3274;4757;2602;2838
17231;10998;3337;4742;2625;2945
20006;10441;3416;5400;2862;2892
20020;12822;3997;5244;2743;3025
18431;10454;3323;4877;2960;2850
18642;10379;3357;4972;2967;2914
23878;12562;5076;7420;4115;3962
24475;13382;4720;7941;4201;4240
25945;13801;4925;6751;4393;3889
26365;14339;5308;6960;5271;3812
27542;14878;5801;7810;4202;5000
28326;15203;5525;7430;4076;4398
30814;15100;5096;6887;5937;4406
30828;16785;5892;7342;5357;4731
34143;18698;5358;8815;5338;5037
34741;18195;5095;8545;5117;5084
34660;14271;5656;7514;4244;4631
35045;14831;5557;7978;4273;4486
34593;20609;6328;7861;4305;5457
34835;20629;6351;8045;4491;5377
31377;20981;5628;8092;4280;4289
31850;16166;6106;8208;3954;4720
30738;13554;6038;6835;3966;4215
30828;14311;5810;6628;4233;4219
32635;14268;5039;7559;3810;4417
33097;14575;4986;7430;3848;4487
26517;12597;4969;7066;4109;4245
26722;12961;4958;7436;3925;4321
25762;13434;4902;6986;4124;3667
26431;13438;4551;7179;4073;3707
31101;15384;4565;7958;3989;4736
30831;15376;4570;8168;3938;4888
36003;18056;5020;7067;3531;3593
36198;14442;5937;6293;4194;3592
33361;16372;5388;7688;4583;3950
33525;16891;5638;7574;4829;3720
29059;17647;8427;6976;3549;4084
29319;17608;8469;6999;3628;4179
30436;14669;5987;7577;3766;4019
30941;15470;5904;7177;3830;4079
29421;13119;5028;7212;4493;3887
29583;13278;5015;7254;4407;3924
30425;14158;5186;6473;3712;3937
30585;14486;5237;6441;3770;4041
31035;14402;5316;7391;4266;4005
31428;17389;5634;7228;4163;4058
31354;13730;5408;6972;3917;3972
31490;13562;5445;7042;4003;4109
29255;14674;5522;7460;4219;4098
29527;14754;5593;7579;4160;4162
34235;15766;5925;7430;4494;4694
34106;15654;5790;7266;4507;4632
30713;15578;5942;7582;5375;4547
30912;15410;5957;7572;5378;4566
35783;14741;5705;7718;4310;4188
36262;14897;5777;7858;4350;4364
30887;14928;5981;7108;4459;4711
31073;14970;6108;7093;4483;4883
32343;15715;6103;7443;4402;4414
32528;15943;6013;7453;4499;4508
33146;16181;6380;8489;4475;4623
33480;16225;6668;8355;4464;4687
32938;25658;7075;8209;4308;4527
33634;25375;7073;8053;4356;4577
35571;17786;7746;7994;4850;4450
35706;17955;7621;8014;4793;4501
34102;16072;7927;7766;4617;4438
34497;16342;7807;7806;4589;4483
37829;16143;6862;7848;6537;5360
38048;16228;6994;7915;6791;5384
36384;15815;7979;8879;4638;4708
37526;15899;8203;8676;4761;4655
36565;18523;7334;8512;4769;4757
37021;18800;7149;8592;4796;4810
39556;17173;7364;8346;4725;5463
39745;17290;7313;8350;4735;5693
38679;20079;11044;11184;6678;6385
38792;16356;8786;12263;6094;7228
57208;21402;9533;12112;6746;8153
57282;22014;9910;12098;6940;8319
60855;19902;7642;9785;5832;5484
62384;19487;7730;9966;5753;6142
40990;18316;7576;8879;5218;5167
41081;18328;7562;9032;5216;5308
40727;18324;7429;9175;5157;5531
40628;18364;7466;9229;5279;5574
39217;15838;7826;9089;5239;5081
39432;16222;7940;9062;5256;5178
42049;17692;8896;9060;5378;5294
42283;17906;8921;9065;5288;5430
43384;18107;8511;9440;6180;5454
44632;18414;8510;10347;5445;5737
43841;18670;8229;11089;5973;5856
44127;18683;8182;11282;5946;5889
43596;18347;8121;9064;5416;5301
43832;18450;8142;9084;5449;5409
42341;18135;8073;9204;6210;6077
42529;18231;8063;9566;6375;6248
46995;18365;8709;9720;5673;5621
47372;18423;8708;9719;5851;5594
44450;20139;9964;10495;5669;5958
44413;19824;10036;10570;5720;6050
43320;18291;8920;9584;6914;5843
43778;18596;9138;9912;6692;6121
44697;18314;8838;9520;5640;5625
44985;18345;8956;9475;5704;5693
46340;19423;9101;9715;6551;5842
46645;19594;9200;9777;6520;5831
45678;22069;10122;10869;6167;6425
45730;21577;10198;10796;6259;6432
50111;21555;10783;9634;5994;5716
50429;21709;10808;9751;5989;5890
49695;19614;9188;9845;5915;6226
49826;20437;9223;9887;6290;6311
54225;20091;9484;10010;6418;5754
54519;20304;9506;10076;6372;5870
53405;20816;10006;11827;7026;6349
53880;20729;10138;11748;7147;6290
51563;19426;9645;10142;6217;6872
51463;19430;9660;10207;6183;6887
56444;21857;10589;10284;6228;5911
56834;21896;10661;10262;6284;5995
50066;20013;9842;11038;6406;5835
50290;20052;9817;11143;6432;5947
57277;22525;9825;11468;6984;6086
57951;22273;9873;11657;6979;6383
53273;21416;9995;11429;6676;6314
53765;21681;10007;11475;6786;6392
55110;23433;11200;11526;6849;6757
55462;23865;11267;11422;6848;6734
52789;25688;10316;11098;6581;6302
53124;21288;10425;11093;6549;6253
57126;23135;11957;11891;6703;6672
57381;23183;12063;11958;6801;6831
54119;23002;11022;11659;7070;6722
54692;23095;11154;11643;7212;6882
56179;21585;11099;11896;7988;6717
56330;21665;11117;12040;7945;6724
61471;23385;13173;12398;7091;7100
61934;23552;13151;12567;7299;6932
57617;21844;11714;13568;6841;6670
57589;21747;11793;13617;6853;6653
58901;22366;12390;12195;7773;7580
59192;22682;12428;12343;8151;7504
59515;22334;11618;11356;7059;6700
59683;22582;11580;11360;7060;6803
58430;23712;11432;11470;7045;6648
58859;23640;11448;11490;7077;6700
61043;24518;13012;12048;7703;6970
61294;24707;12923;12300;7687;7076
61679;23829;11755;12070;7300;6795
61843;23753;12003;11870;7348;6952
65470;26812;13080;12578;7381;6819
66082;26819;13213;12604;7376;6987
67646;24312;12172;11816;7364;6897
67893;24445;12237;11839;7357;7033
67297;24151;12482;12670;7943;6841
67956;24286;12601;12669;7959;6945
66762;24023;13098;12862;8267;8328
67175;24304;13120;12953;8329;8461
74457;24836;12909;12325;7993;7019
74997;24992;12996;12547;7996;7096
67358;26787;14795;14442;8422;7062
67863;27719;14958;14520;8280;7219
73650;25950;13436;12627;8276;8184
74061;25879;13475;12691;8497;8145
68826;25026;13418;13317;8120;7539
69442;25239;13523;13553;8165;7770
73072;24173;13865;13266;7756;7179
73762;24363;14034;13205;7869;7331
71092;25601;13981;13150;8322;7643
71582;25567;14008;13276;8369;7650
74527;23849;14291;13400;8367;7460
75146;24020;14489;13487;8312;7613
73503;24729;14311;13535;8340;7624
73837;24790;14398;13480;8321;7782
69823;26683;15320;14234;7911;8432
69849;26875;15335;14371;7915;8448
75116;27154;15003;13446;9121;8191
75602;27310;15071;13544;9290;8133
76741;24634;15131;14052;8135;7507
76830;24815;15117;14206;8114;7579
76746;23838;14863;13403;8164;9437
77123;24223;14975;13595;8580;9402
80560;27334;17202;13898;9349;7901
80811;27566;17177;14021;9105;8058
74981;28229;14911;13507;8229;7803
75358;28175;14965;13533;8284;7885
78708;27642;15781;16985;9917;8221
78480;27889;15973;16975;9794;8179
75801;26835;15741;14711;8486;8034
76055;26875;15709;14718;8474;8074
76055;27552;15715;15553;9097;8024
76201;27445;15781;15658;9084;8044
82870;29390;15977;15433;10029;8556
83349;29010;16004;15584;10049;8771
87292;29193;16545;15260;9116;8516
87608;29016;16533;15323;9319;8623
82214;25814;16152;15005;8665;8789
86703;25804;15905;15154;8671;9212
86300;27924;17961;15320;9012;9757
86750;27960;17974;15341;9079;9883
83970;28772;16640;15778;9330;9331
84507;28820;16684;15918;9471;9295
82319;27353;17456;15700;9381;8585
82478;27122;17468;15733;9379;8669
84757;28799;16634;15162;8980;9264
85248;34014;16940;15255;9688;9250
84119;28320;17158;15425;9489;8640
84279;28750;17187;15463;9522;8788
88816;31325;17144;14902;8937;8498
89351;31552;17182;14950;8927;8616
87544;29204;17635;15681;9472;8882
87728;29236;17778;15663;9520;8949
95994;29634;18608;16709;9813;9119
96461;29325;18584;16752;9854;9251
91333;31346;18800;16076;9654;10141
92038;36605;18822;16088;10022;9953
92441;29401;18156;16059;9490;9185
92340;29505;18179;16056;9573;9198
91940;32600;18958;16892;10126;9311
92266;32405;18878;16959;10102;9567
92256;29434;18380;15847;9676;8754
92651;29669;18238;15855;9794;8944
103264;39238;18175;15675;9533;8835
104881;37558;18413;15731;9669;8958
90591;31224;18678;16249;9829;9696
90668;31530;18569;16255;9824;9879
102640;32191;20221;17601;10213;9589
102058;32389;20258;17673;10172;9548
95616;29312;18675;18244;9807;9089
96978;29136;18831;18366;9732;9139
100149;38810;20483;17186;10279;10181
100539;32817;20759;17352;10266;10351
98142;31263;21697;17839;10998;10066
98804;31385;21572;17953;11055;10196
96566;30761;20776;17346;10378;10214
97367;31269;21049;17556;10380;10400
100377;31852;20849;17505;10504;10429
100819;31425;21258;18414;10382;10606
106650;33547;21423;16700;10194;9637
107178;33900;21470;16630;10313;9746
101301;39309;21212;18195;10955;9672
101833;34696;21863;17799;11220;9922
101049;31192;21643;27379;11576;10141
101880;31512;21828;25898;11646;10231
106001;31466;21188;17530;10912;9840
106170;31351;21252;17536;11085;9806
107224;32742;21480;17838;10997;9452
107667;32934;21587;17870;11163;9532
110074;31512;22225;17534;10935;10345
110590;31888;22335;17645;11060;10522
107435;32106;22544;20698;12029;10577
107613;31908;22632;20644;12045;10733
115543;32960;23305;21153;10847;9806
116186;33136;23562;20994;10959;9851
130943;45222;40218;21917;12298;11234
134974;55063;32230;21397;11999;11349
161714;46763;30624;23157;13257;12231
161200;54693;28688;23603;13274;12595
128097;33523;22612;18988;11362;10411
125689;33789;22818;19046;11347;10469
113641;32629;23577;19180;11518;10475
113942;32610;23649;19194;11538;10534
116586;33638;25293;18830;11340;10300
117189;33913;25233;19194;11161;10397
118520;34050;26373;19552;11626;11107
119398;34388;26159;19588;11611;11090
113668;37175;23738;19306;11596;10675
114771;37151;23945;19400;11635;10804
116078;34939;23497;19278;11705;10578
116422;34891;23729;19400;11799;10569
115556;34323;24379;19167;11755;10997
116169;34468;24499;19153;11811;11242
121609;36611;24475;19399;12119;10674
122092;36902;24549;19360;12211;10744
116160;35874;25373;19740;12440;10733
117117;35908;25732;19715;12504;10851
123207;44137;24338;20343;12288;11492
123960;37610;24437;20088;12211;11486
127690;37394;27771;18731;12924;10591
128699;37697;27993;18843;12859;10751
122697;37458;27633;20682;12805;11231
123070;37722;27841;20742;12799;11366
120892;35018;26858;20441;12384;11143
122183;34936;27048;20682;12443;11259
122010;35018;24830;19575;13156;10586
122290;35742;24837;19544;13021;10691
124924;38661;26259;21054;15337;11588
125100;38487;26336;20948;15396;11727
125857;39313;26048;19837;13306;11385
126224;39575;26100;19815;13275;11459
137671;36633;27363;20069;14319;11416
138570;36549;27471;20306;14119;11466
127922;37935;27067;20321;14090;12299
128438;38123;27010;20364;14507;12223
129999;36373;27887;20218;12726;11746
130775;36764;28062;20269;12797;12057
132990;44560;26126;19684;12475;11075
132602;37545;26380;19381;12622;11196
135440;38849;28813;24404;13571;11760
136123;38711;28958;24502;13681;11775
124470;38539;27351;19675;13750;11485
124698;38577;27411;19861;13731;11540
139313;49493;29162;21712;13997;11743
139835;40506;30152;21604;13903;12324
127926;41081;27546;28516;16104;12393
127800;40669;27437;29456;16074;12366
140698;37286;29363;21876;14135;11780
141756;37613;29499;22042;14365;11873
142804;37705;30154;21187;13063;12340
144462;38746;29818;21187;13191;12459
140113;37451;29960;21649;13586;11766
141518;38667;29796;21519;13792;11932
146246;41130;28786;21338;15605;12421
146820;41474;28946;21458;15878;12444
138814;40445;30023;22976;13992;12330
139494;40847;30143;23033;13955;12414
138527;39305;28542;22265;14724;11661
139032;39258;28664;22374;14769;11720
136707;38796;29288;21976;14705;11935
137432;38964;29683;22330;14863;11873
139927;39537;29058;21741;15128;12137
140827;39543;29091;21994;15026;12095
153806;41348;31190;22619;15088;12314
154211;41325;31333;22718;15083;12500
142147;39058;29766;21488;14778;12048
142670;39379;29887;21520;14887;12082
148790;41156;32569;23843;14641;12410
149891;41836;32968;23421;14903;12450
147918;43881;30182;21866;14960;12468
148466;43578;30140;21864;15000;12527
173938;39879;30883;22180;14648;12100
174974;40000;31061;22427;14771;12084
147949;39302;30897;22325;15462;12410
149035;39719;30947;22825;15528;12245
146660;40479;33696;23336;16276;12366
146557;40285;33721;23316;16272;12399
154758;41706;33736;22079;15960;14440
154562;41972;33662;22096;16150;16346
152052;42860;33314;22882;15730;12763
152380;42052;33414;22932;15704;12646
160540;41749;31473;21793;16107;13382
161614;41762;31639;22059;17079;13462
156993;40896;33745;23209;14712;13223
157242;40737;33906;23225;14724;13167
156259;43212;31913;22437;15478;13070
156655;42806;32017;22477;15583;13092
165047;44428;34770;25395;16061;13105
165723;43933;34792;25292;16115;13254
166849;46496;34473;23990;18686;13098
167264;46579;34223;24233;18155;13212
166738;43180;35579;24948;16494;13226
167247;43327;35655;24921;16473;13189
165035;42240;33012;22433;15915;12791
165552;42415;33127;22455;15934;12808
168620;43750;36752;24829;16674;15009
169112;43966;36911;24885;16730;15220
156650;43119;33684;22663;16734;13997
156747;42995;33776;22631;16815;14041
170812;46807;43385;45748;30090;20233
171432;46626;41987;46074;29698;19987
170473;43286;34308;24220;16875;13530
169151;43404;34309;24677;16917;13532
172799;43767;38660;25272;16836;13752
173279;43416;38925;25381;16690;13803
176202;42183;34287;23028;16153;13667
175809;43277;34413;23154;16432;13721
176508;45458;35971;25540;17371;13987
177062;45188;36130;25671;17461;13976
170686;45740;37680;24060;16471;15041
171059;46185;37603;24048;16522;14975
179522;43763;37876;24951;17753;14542
180423;45161;38061;25072;17978;14649
178308;46204;36849;24140;17258;13735
179491;45715;37732;24181;17455;13766
181243;43702;39084;25538;15691;15117
182989;44259;39359;25639;16024;15524
182427;54135;38639;24554;17521;14331
184137;54399;38470;24656;17448;14305
182456;44447;39702;28399;16393;14208
181979;44020;39876;28472;16258;14174
177179;46301;37413;28925;16978;14603
178264;46440;37512;29073;17186;14741
180165;52118;40500;27897;16632;15311
180200;52193;40707;27995;16978;15217
181476;64016;38178;27416;16988;14959
182690;51077;38805;26583;17272;15583
188775;51116;39032;25840;17142;13794
189060;50915;39009;26103;17088;13846
179864;47218;38939;25498;17075;14200
180557;46606;39217;25470;17099;14280
195037;45295;41095;27196;17845;14723
195066;45237;41227;27521;17648;14763
189021;50121;39861;26429;17881;15046
191325;49853;39952;26607;17852;15216
196306;47213;43126;26748;17552;14322
195829;47256;43037;26639;17579;14285
189982;48427;41973;26752;18330;16154
190705;48583;42042;26880;18533;16181
196644;48360;42427;26664;16912;15148
197017;47830;42530;26686;17000;15210
191893;50104;41063;26431;18242;15013
193720;50201;41123;26639;18295;14811
195649;51012;40334;26701;18762;15158
195446;50974;40230;26747;18741;15059
203150;52264;40955;26152;18644;16678
205777;61393;39742;27029;19867;15139
198481;49611;42669;27523;18168;16704
198636;49534;42693;27518;18354;16694
199862;50083;41470;28037;20537;14713
203922;50464;41230;29179;19203;14509
208549;53007;44070;27609;18730;15470
209538;52999;44132;27865;18826;15533
191631;53716;43102;29567;18879;16625
192820;53946;43540;29967;19132;16531
203571;48648;54607;30126;18715;14560
203843;48735;54180;30130;18731;14649
206166;50009;42198;26584;18477;15464
207011;49975;42203;26583;18627;15307
214273;51955;43219;28590;20589;16290
214889;52676;43197;28729;20611;16236
212148;50650;44251;27192;18390;16043
211738;51290;44472;27081;18563;16080
216561;62967;45974;29871;18574;15047
217650;63576;46167;30294;18395;15225
208518;50898;44369;26639;19048;14887
208837;51308;44501;26639;19107;15048
225541;49910;47952;29753;19615;16556
226192;50712;48275;29844;19707;16860
212219;51434;45905;29458;18908;15977
212080;51651;46114;29498;19005;15873
218998;53614;47485;29564;19722;16171
221951;54291;47865;29490;19642;16380
209129;53244;44842;27035;19056;16459
209466;53222;45017;27132;19067;16510
219878;50809;48363;29224;18304;16143
220176;50842;48433;29193;18333;16186
231268;52906;45876;32987;22103;15582
231345;53080;45840;33030;21940;15682
221858;57437;49697;30222;20490;16185
222193;57500;49850;30254;20664;16257
216428;55811;46752;28531;21353;16747
217403;56611;46872;28582;21285;16634
241601;54075;48569;32032;20833;15861
241679;54187;48629;31966;20932;15803
216066;53133;49565;29348;19572;15626
217475;53481;49453;29559;19772;15569
229618;52663;50396;30145;18857;16639
229908;52703;50494;30117;18822;16682
220641;54249;47457;29347;21177;15783
220973;54508;47517;29429;21238;15768
216225;53644;47718;28553;20270;16646
217161;54450;47848;29024;20457;16355
224494;55116;48063;28700;20421;17304
224334;55273;48130;28635;20629;17278
226923;55472;51578;31032;20357;17008
227222;55941;51680;31066;20293;16997
228104;57102;50224;30326;21407;16714
228391;57431;50329;30295;21357;16744
240256;54008;52467;30953;19196;17401
239846;54151;52515;30916;19178;17330
239853;57121;48426;29911;20845;16347
240768;57998;48551;30070;21020;16338
238713;52395;52887;30530;20421;18447
238526;53150;52979;30541;19981;18508
249468;68205;51603;35939;24306;17330
250661;57519;52049;32046;27380;18509
247236;58438;53939;32335;20015;18030
247298;59139;54128;32249;20275;18158
239763;56102;51317;31049;21853;16309
241826;56022;51553;31172;22099;16295
253990;55421;54927;31232;20848;16731
254730;55041;55158;31054;20789;16826
232493;56387;52159;29103;21508;17902
233227;56842;52012;29177;21695;17750
257940;56692;56320;33853;20235;18438
259042;57591;55815;33907;20341;18367
236270;56145;51512;30221;21564;16611
236873;56412;51583;30224;21712;16605
258576;55093;57508;33180;21627;17611
259727;55190;57364;33237;21547;17855
249800;59923;52132;29779;21646;16788
251251;58718;52177;29767;21635;16836
256054;59332;56399;33555;22200;17451
257140;60386;56779;33520;22235;17927
242302;60295;60919;30349;21180;17040
243028;60553;56962;30482;21170;16829
260090;60722;58569;33697;23250;17787
259661;60910;58826;33881;23351;18013
251879;62437;57543;33073;22646;18107
252517;62547;57150;33160;22757;18099
263104;71386;57938;33402;20951;18277
264065;61022;59219;33769;20973;18627
261139;57871;56253;34078;21085;16927
261184;58746;56247;34173;21113;16891
265712;60709;58613;33445;22790;18000
266457;60888;58193;33499;22871;17868
254958;58218;55096;33239;22711;17139
254978;57919;55300;33329;22612;17166
280543;58670;60446;34046;22587;19675
281294;59206;60572;33919;22841;19780
266083;58800;55216;33962;24751;18181
265951;58847;55147;35031;25006;18080
279961;77938;60752;32738;21038;17599
280346;67718;62088;32435;21437;17926
265155;60971;59749;33417;23267;18049
265913;71827;60373;32350;22884;17435
263569;60287;57943;34658;22738;17828
264634;60855;57684;34812;22895;17685
273483;58513;63966;37306;22671;18595
273691;58962;63709;37319;22614;18776
279435;62046;62764;36365;22769;19313
279397;62508;62781;36485;22733;19428
282605;61892;61379;34980;23950;18440
283681;62268;61468;35496;23751;18372
291420;65992;63063;36789;24718;18791
290824;66640;62919;36855;24874;18943
302112;70309;76032;39408;25149;21561
307927;72110;75368;39657;25306;21268
306895;68264;73571;37584;23691;20000
306917;68363;73896;38045;23606;20227
293740;62769;60677;35331;24834;20808
299138;63393;60895;36116;24291;20487
302195;62987;62493;35500;23688;18624
302037;63114;62615;35471;23458;18703
275585;61311;61479;36191;24794;20061
277051;62066;61532;36203;24859;19703
305021;64997;64850;36917;24442;19428
303610;65803;64936;36724;24434;19271
290856;64535;62312;37060;25402;19539
292063;64666;62355;37250;25705;19420
304804;60066;65472;39908;23432;18731
304540;60465;65543;39233;23303;18673
340974;80588;92200;50997;29082;23431
344843;82200;95108;50672;28818;22452
347146;63366;60679;37374;24862;22719
346939;63889;60868;37362;24875;22565
305685;65835;64704;38396;25009;21747
307365;66371;64558;38992;24738;21614
306877;64165;68089;39823;24225;19533
307380;64487;68191;39972;24089;19629
290792;75990;61967;35824;23832;20033
290371;65134;62619;35071;23765;20047
317993;64202;67699;36987;24762;19772
318793;64392;67748;37126;24588;19723
303622;64701;71374;35533;23901;19406
303991;64757;67695;35566;23473;19842
304988;64269;63984;35812;23574;19892
306515;64519;64474;35914;23608;19984
298512;64839;64224;38282;23812;19478
293921;64797;64299;37443;24316;19585
310403;67542;68898;38650;24394;21271
310667;78395;69396;38463;24248;21640
320166;62169;64547;35823;25325;19162
316744;62238;65363;35907;25449;19246
311755;62344;69975;38172;23969;20023
310706;63318;69793;38097;24109;20107
306720;66243;73253;45326;25079;23071
309025;66352;73381;45281;25341;22559
316572;67594;71459;38716;25324;20215
316834;67093;71815;38559;25475;20309
313651;68350;66718;36172;30336;20035
314266;68464;66739;37190;29213;19969
331712;79541;68308;36309;24364;19376
332111;80622;68198;36365;24341;19392
310498;67119;68549;36493;25418;20249
312404;67732;68183;36880;25546;20210
329595;76855;70010;37515;26769;20066
328451;65243;70597;37227;25255;22055
328023;66987;71645;37056;29206;22896
328683;67536;71809;36881;30504;21726
341596;66736;74283;42981;26593;20166
341401;67223;74543;43096;26648;20234
324869;68918;68341;38470;25706;19869
324261;68410;68436;38297;25803;19858
334220;71802;74962;39339;24707;22394
333702;71959;74899;39382;24838;22512
317633;67104;69746;36943;27518;20436
318146;68510;69835;36947;27334;20372
337805;71737;142175;37742;23971;20801
338914;73769;143098;36934;24293;20838
339704;64552;76226;38622;24310;21559
339449;64839;76256;38641;24603;21601
347702;69012;75753;39662;26821;21961
348579;69061;75994;39718;26929;22058
345231;67785;72058;38707;26150;22037
346520;68652;72156;38870;26759;21774
351184;67945;74068;50333;34529;26592
352181;69104;74297;51040;34162;27434
440889;77518;88448;46350;33739;27331
442942;76790;88542;46293;35146;25979
366514;73383;79129;41719;26992;23319
367498;73815;79883;41592;27291;23252
325578;69398;79562;41557;27375;22062
325333;69308;79980;41469;27704;22113
348400;71753;77797;39962;25824;21531
348851;72437;77786;39856;25918;21602
395952;98573;93733;42452;28311;20343
399911;97863;92999;42528;28376;20362
351145;69496;78610;45338;27544;22122
349939;68824;78393;44762;28042;21696
339716;70409;76730;39250;25828;20783
334289;70627;76632;39390;26016;20647
358645;77104;75991;39768;27709;22186
361278;79100;75626;40365;27856;21868
358731;70248;81403;40224;25289;21450
354736;70085;81428;40440;25484;21546
366853;70067;81574;49006;30387;21461
368120;69851;81410;49218;29958;21459
369037;70312;82370;40929;28362;22130
369898;70037;82556;41069;28416;22245
369110;68996;85031;40012;27511;21805
370643;69701;85022;40246;27560;21643
341586;77543;77407;40371;25310;22227
342007;78335;78041;40308;25621;22306
387995;74065;82279;41760;27379;22004
388642;74334;82945;41244;27555;22214
348739;69470;78920;39399;27143;21115
349625;70282;79162;39714;27468;21701
368438;73056;84293;42674;28492;22447
367599;73644;84724;42643;28630;22468
354246;72788;80523;39748;26602;21539
354973;86628;77866;40076;26642;21761
379234;75021;77719;39749;29768;23083
373585;77895;78385;39888;29766;23481
391531;72964;78361;39342;29073;22315
392330;73656;78044;39186;29000;22423
386658;73387;84683;39911;27041;21257
388064;73531;84674;40311;27303;21257
355740;76623;84892;41823;29320;24578
356122;76231;84879;41955;29496;24737
387834;70319;87515;42426;28700;22580
388775;70670;87773;42467;28839;22814
372587;74639;80558;41276;27621;22724
373134;75499;80491;41458;28007;22520
400536;76115;89201;49812;27831;23735
401915;89818;89191;50085;27676;22907
365406;74090;81119;46332;29644;21496
365905;73992;81216;46426;29804;21499
406198;75980;94661;46268;28657;23584
408955;77121;93058;46183;29237;23715
392371;89275;129976;52707;29255;23460
392222;89918;128165;52926;29314;23455
455159;80930;105845;59937;32065;29168
456201;81104;106247;60118;31741;29230
475479;79063;99401;52259;29555;29629
479370;80230;100676;51006;30216;29835
467009;71834;94407;48541;29480;27250
463375;70951;94134;47638;28810;27451
420619;78129;93686;48202;29253;25318
419951;79977;94118;48330;29493;25315
426429;76601;97267;50243;30158;25803
426351;76015;96979;50369;30144;25666
453116;77804;97312;48889;31792;26790
452728;77728;97142;48873;32019;26749
472745;78256;97301;49292;29919;26373
475526;78679;97555;49341;29678;26283
461195;82877;100928;53535;31428;26201
462876;83037;100768;53264;31127;26373
449682;78892;104702;51299;32877;27126
453104;78886;104710;51704;32601;27253
454769;78578;101494;48698;30588;26630
454864;77658;101022;48813;30828;26616
451556;81649;99576;49144;30006;25937
452254;80205;99987;49372;30313;26085
440466;75846;97522;47517;30051;26022
440888;76920;97580;47505;29934;26084
444463;74427;97737;48673;29684;25448
446263;74519;97780;48884;29786;25482
442950;78715;100640;50654;30611;27446
444716;78605;101122;50595;30605;27461
448780;76801;99443;48156;29985;27092
452047;77173;100051;48460;30099;27202
453641;78241;106223;49249;31211;26242
455000;79780;107784;48715;30960;26312
459881;77539;99399;48302;29913;25967
461992;77594;99781;48466;30149;26104
460299;90172;105041;51743;31323;26912
461403;90932;105372;51732;31408;26997
454448;78319;101652;48359;31445;27304
457971;79338;102668;48958;31570;27395
470456;78406;105953;49008;30648;27288
466555;78947;105354;49111;30681;27091
462462;78130;103210;49185;31019;26538
464890;79163;103669;49167;31281;26573
465378;78034;102126;48663;30365;26429
466291;78326;102166;48594;30161;26408
468590;79199;104373;49262;30461;26460
469697;79839;104860;49371;30588;26566
466585;79855;104175;50518;30816;26586
465827;80893;104050;50191;30891;26598
469578;79889;102889;50539;37605;27107
472980;80454;103608;50743;37818;27163
468964;85334;105711;49118;30611;26811
467968;80479;106419;49060;30769;26766
484101;80700;106352;50494;31685;27845
485195;81373;106865;50379;31789;27521
476665;79660;105296;49676;31248;26608
476144;80374;105013;49716;31206;26589
476996;81424;107765;52458;33238;27216
478074;81800;107841;52707;33261;27253
480416;80543;110280;52071;33235;28075
484672;81482;109979;52359;33883;28177
495156;81328;109287;50656;32217;27947
495961;81866;109495;50763;32241;28033
479214;80539;107445;49767;31480;27248
481376;81411;107643;49663;31538;27210
487696;82978;109476;49994;32336;27176
489470;82373;109368;50049;32373;27274
492367;82436;107158;50113;31848;27726
496641;81445;106819;51362;31724;28152
489120;83462;108129;50748;31575;27486
488770;83468;108250;50698;31561;27402
490670;82997;111105;52941;32598;28871
494187;83868;111979;52939;32629;29083
495863;82001;111987;52593;31871;27871
496176;82141;112088;51735;31872;27922
487425;80698;111475;50678;32681;27765
488354;80746;112127;50550;32477;27674
506285;97733;112295;52226;32639;28280
507680;84199;112488;52055;33116;28011
506749;82890;114516;52561;32231;27966
506361;83647;114222;52677;32258;28121
506099;82395;112478;51982;32882;28161
507070;82258;112733;51920;32929;28237
499996;84800;113464;52374;32007;27949
503144;84430;113607;52753;32366;28426
500680;83310;112958;51086;32496;27937
500950;82970;113122;50920;32449;27943
500313;82359;117188;55292;33205;29270
501921;83513;120498;55210;33043;29548
544776;84848;113938;53107;33661;28567
545517;85618;114389;53500;33619;28857
522537;84054;115838;52894;32468;28851
522273;83591;116453;52745;32660;28826
534475;83277;116347;52674;32537;28582
534760;84400;116257;52526;32689;28638
510423;81791;113788;50403;31602;27604
513100;82891;114064;50475;31747;28287
521429;84383;114770;53126;33491;28630
520055;83148;114504;53142;33213;28798
522280;85589;119944;53040;33880;28788
524072;85155;119579;53595;33276;28922
525861;86043;120229;54112;33829;28732
527556;86371;120564;54301;33967;28920
533254;87561;118149;51165;33797;28800
535003;88675;118542;51123;33751;28627
518096;83645;119942;54487;34175;29800
522206;84534;120306;54802;34640;29885
529068;86114;117287;54098;34743;28434
534384;86202;117243;53990;35287;28137
525192;83059;117121;52293;32673;28647
526957;83596;117528;52395;32898;28952
533037;86192;119259;52064;33788;28795
537727;87098;119471;52195;33671;28579
531465;83905;117110;51326;31889;28950
535228;84841;117638;51731;32121;28980
537358;86163;119325;53392;33444;28581
538543;86270;118757;53242;33616;28934
518806;83919;116446;51679;32120;27979
521101;84654;116836;51524;32291;28100
527041;85533;121648;53627;32967;29989
529025;87321;121775;53346;33711;29308
512195;84276;113683;53030;30816;27435
516964;84560;113986;53682;30523;27488
521113;83716;116620;52660;32710;26705
523535;83411;116652;52828;32905;26608
516122;82775;116573;53125;38245;28330
517236;81997;116876;53463;37996;28061
516041;92343;115106;51327;34818;31032
516742;106561;114404;52459;36944;28305
538511;86060;116508;49179;33306;26668
541859;86109;116699;49639;34316;26177
538288;89265;110336;48700;35013;26043
538968;89210;109817;48553;35708;26144
514377;88312;113634;57882;44869;36801
515460;88719;113611;58745;45180;36370
542345;86463;120902;50079;32050;27553
543071;87418;120702;50098;32172;27488
527096;87757;117296;54233;33533;28633
529837;88279;118073;54578;34018;28276
503666;90919;119518;50122;33096;27091
504885;91101;120185;49759;33368;27212
538649;106887;145275;62604;44314;36315
537261;107526;144808;63815;43942;35777
611888;119061;168295;65164;39242;31811
618710;119929;168137;65173;39900;31735
726404;130596;193777;81161;64496;46230
726807;145597;201790;80218;67824;38003
694537;135222;158741;58785;35855;29333
698385;118219;156670;58877;36845;29710
790870;123492;303495;101308;53107;39689
787100;126343;302594;113924;50787;39553
706191;92002;164285;70080;44283;35704
706424;92731;163894;70662;43936;35991
954373;135584;234991;76515;47158;36360
952042;136419;232589;76163;46096;38232
806871;163234;181423;71220;46169;32377
802844;139008;195337;70408;45598;35403
753984;164056;251621;63362;43870;36246
752734;170781;252099;63911;43196;36562
794621;92900;135682;57028;49499;40429
797408;91418;135625;57930;50460;41341
900657;122074;237169;86573;59108;49739
905767;124032;250426;85992;64151;48663
981785;145542;198926;84800;51234;40189
990602;142502;197692;90055;53381;41378
934276;146807;253420;76280;57304;45996
934972;146120;255060;73942;56374;46973
902817;172356;209365;84824;57527;42789
905064;180177;206266;84888;58788;45987
1024796;126701;233494;84444;38234;33119
1021911;128278;231280;86058;37946;33187
808665;166078;234854;81240;53959;40767
810978;162689;238727;79939;54502;41935
856929;110164;233339;54028;39344;39895
850023;108012;236242;54148;36385;37747
685610;113977;136352;59769;38817;28310
687143;114557;138295;59985;39023;27966
677744;100277;129231;76887;47156;37639
675874;99198;127503;73967;50823;38303
675504;119905;166515;75589;60868;44811
677717;121242;165758;76235;66054;43309
938972;114440;154075;73274;63920;47061
948479;115382;152967;75000;65186;46315
1013329;168054;181920;63451;49987;36735
1006546;166914;179222;64403;49402;37804
625240;91923;131195;61498;38924;29315
624945;92885;131058;59287;38979;29584
561675;94058;134444;55581;36391;30823
563790;93503;134586;55725;36619;30900
715631;93917;132129;58042;47312;37474
709265;94414;133196;58591;45917;38296
684077;92186;125533;69596;46201;38795
686311;93524;126021;71410;45609;39215
753205;93578;139239;63732;40837;37626
755549;110918;143078;65512;40282;34689
733848;127995;169268;80270;42895;31914
734054;129441;171425;79405;43411;31553
642285;108032;134849;55657;43140;35024
642199;107941;135199;56236;42877;35679
832279;136896;165127;79300;48062;41369
834577;131840;166284;78564;48161;40059
893626;107557;158212;78424;53866;47810
889211;107562;154175;79179;52313;45790
875388;132855;152298;78221;53056;41150
882371;132891;152570;80593;54302;43228
856293;129891;155292;69352;49125;33648
836493;139738;155891;71922;46744;35851
752833;100575;182591;65015;42507;29735
751157;102004;186027;65759;41288;29741
748521;119721;171295;69413;44289;42299
741948;116179;172195;66629;46050;41845
641908;102813;137927;55790;36752;29097
647140;104597;137372;55004;37404;28948
637135;105447;139123;60326;37711;29263
639641;105061;141278;59352;37723;28994
635403;100825;140296;55183;36131;30776
632809;101607;140058;55036;36142;30614
625718;94692;141611;55748;41588;29692
624706;94813;137446;55563;41805;30220
599221;99897;139865;56166;38997;36203
602919;100756;138684;56667;39630;37031
633184;97242;165436;73985;50133;42746
634185;97924;165473;74656;49315;42853
710680;98752;143169;59694;41751;32332
713677;100264;143312;60111;42356;31488
